ConsentKey,EmployeeNaturalKey,CountryCode,ConsentType,ConsentStatus,ConsentChannel,EffectiveFromDate,EffectiveToDate,IsCurrent,ChangeReason,HashValue
1,EMP0000688923,US,Service Delivery,Granted,Mobile App,2024-01-01,9999-12-31,1,Initial Consent,11233507410580160837
2,EMP0000688923,US,Analytics,Granted,Call Centre,2024-01-01,9999-12-31,1,Initial Consent,336230977665275450
3,EMP0000688923,US,Marketing,Granted,Call Centre,2024-01-01,9999-12-31,1,Initial Consent,371866409653788159
4,EMP0000688923,US,Research,Granted,Call Centre,2024-01-01,9999-12-31,1,Initial Consent,3071656095396336567
5,EMP0000688923,US,Data Sharing,Granted,Web Portal,2024-01-01,9999-12-31,1,Initial Consent,7083889348994418477
6,EMP0000886361,US,Service Delivery,Granted,Mobile App,2024-01-01,9999-12-31,1,Initial Consent,3983916675613507135
7,EMP0000886361,US,Analytics,Granted,Web Portal,2024-01-01,9999-12-31,1,Initial Consent,16266413726904550702
8,EMP0000886361,US,Marketing,Granted,HR Upload,2024-01-01,9999-12-31,1,Initial Consent,10953371104831821295
9,EMP0000886361,US,Research,Granted,Call Centre,2024-01-01,9999-12-31,1,Initial Consent,11765210808725428545
10,EMP0000886361,US,Data Sharing,Granted,Mobile App,2024-01-01,9999-12-31,1,Initial Consent,11254955410268647424
11,EMP0000464823,US,Service Delivery,Granted,Mobile App,2024-01-01,9999-12-31,1,Initial Consent,1101922657097798126
12,EMP0000464823,US,Analytics,Granted,Call Centre,2024-01-01,9999-12-31,1,Initial Consent,15673357112121600365
13,EMP0000464823,US,Marketing,Granted,Mobile App,2024-01-01,9999-12-31,1,Initial Consent,7695569888950803637
14,EMP0000464823,US,Research,Granted,HR Upload,2024-01-01,9999-12-31,1,Initial Consent,7485208024218083026
15,EMP0000464823,US,Data Sharing,Granted,HR Upload,2024-01-01,9999-12-31,1,Initial Consent,15552551151964614942
16,EMP0000655214,US,Service Delivery,Granted,HR Upload,2024-01-01,9999-12-31,1,Initial Consent,4851955205852175268
17,EMP0000655214,US,Analytics,Granted,Mobile App,2024-01-01,9999-12-31,1,Initial Consent,8292192878817488353
18,EMP0000655214,US,Marketing,Declined,HR Upload,2024-01-01,9999-12-31,1,Initial Consent,3791408548044012608
19,EMP0000655214,US,Research,Granted,Call Centre,2024-01-01,9999-12-31,1,Initial Consent,3102190746152489489
20,EMP0000655214,US,Data Sharing,Granted,Web Portal,2024-01-01,9999-12-31,1,Initial Consent,2169994966621655315
21,EMP0000454666,US,Service Delivery,Granted,Web Portal,2024-01-01,9999-12-31,1,Initial Consent,16216109957974473700
22,EMP0000454666,US,Analytics,Granted,Call Centre,2024-01-01,9999-12-31,1,Initial Consent,2788045897256223828
23,EMP0000454666,US,Marketing,Granted,Mobile App,2024-01-01,9999-12-31,1,Initial Consent,3150593967327914172
24,EMP0000454666,US,Research,Granted,Mobile App,2024-01-01,9999-12-31,1,Initial Consent,7331456758745871972
25,EMP0000454666,US,Data Sharing,Granted,Call Centre,2024-01-01,9999-12-31,1,Initial Consent,7341938285497641357
26,EMP0000047297,US,Service Delivery,Granted,HR Upload,2024-01-01,9999-12-31,1,Initial Consent,11532908307453712220
27,EMP0000047297,US,Analytics,Granted,HR Upload,2024-01-01,9999-12-31,1,Initial Consent,6677166100869480686
28,EMP0000047297,US,Marketing,Granted,Call Centre,2024-01-01,9999-12-31,1,Initial Consent,17866469056095846641
29,EMP0000047297,US,Research,Granted,Web Portal,2024-01-01,9999-12-31,1,Initial Consent,1121232707995517399
30,EMP0000047297,US,Data Sharing,Granted,Mobile App,2024-01-01,9999-12-31,1,Initial Consent,6983484744272362872
31,EMP0000703464,ZA,Service Delivery,Granted,HR Upload,2024-01-01,9999-12-31,1,Initial Consent,17558124907762983350
32,EMP0000703464,ZA,Analytics,Granted,Call Centre,2024-01-01,9999-12-31,1,Initial Consent,9285442547906525310
33,EMP0000703464,ZA,Marketing,Granted,Web Portal,2024-01-01,9999-12-31,1,Initial Consent,15399782894144482005
34,EMP0000703464,ZA,Research,Declined,Web Portal,2024-01-01,9999-12-31,1,Initial Consent,2672891064111763190
35,EMP0000703464,ZA,Data Sharing,Granted,HR Upload,2024-01-01,9999-12-31,1,Initial Consent,4264007291783535281
36,EMP0000969327,US,Service Delivery,Granted,Call Centre,2024-01-01,9999-12-31,1,Initial Consent,1606286693569178562
37,EMP0000969327,US,Analytics,Granted,Mobile App,2024-01-01,9999-12-31,1,Initial Consent,10107612718008636717
38,EMP0000969327,US,Marketing,Granted,Call Centre,2024-01-01,9999-12-31,1,Initial Consent,1702165870790099381
39,EMP0000969327,US,Research,Granted,HR Upload,2024-01-01,9999-12-31,1,Initial Consent,18150116860627019363
40,EMP0000969327,US,Data Sharing,Granted,Web Portal,2024-01-01,9999-12-31,1,Initial Consent,15621478932929181127
41,EMP0000246521,US,Service Delivery,Granted,Call Centre,2024-01-01,9999-12-31,1,Initial Consent,712017451063677410
42,EMP0000246521,US,Analytics,Granted,HR Upload,2024-01-01,9999-12-31,1,Initial Consent,3075800669192864594
43,EMP0000246521,US,Marketing,Granted,Call Centre,2024-01-01,9999-12-31,1,Initial Consent,1892903312414036181
44,EMP0000246521,US,Research,Granted,Mobile App,2024-01-01,9999-12-31,1,Initial Consent,1157489413906948392
45,EMP0000246521,US,Data Sharing,Granted,Call Centre,2024-01-01,9999-12-31,1,Initial Consent,15708372286171645369
46,EMP0000796347,CA,Service Delivery,Granted,Mobile App,2024-01-01,9999-12-31,1,Initial Consent,9145506854685135743
47,EMP0000796347,CA,Analytics,Granted,Web Portal,2024-01-01,9999-12-31,1,Initial Consent,10781287648295433198
48,EMP0000796347,CA,Marketing,Granted,Mobile App,2024-01-01,9999-12-31,1,Initial Consent,4398020495344101732
49,EMP0000796347,CA,Research,Granted,Mobile App,2024-01-01,9999-12-31,1,Initial Consent,12988901630781277116
50,EMP0000796347,CA,Data Sharing,Granted,Call Centre,2024-01-01,9999-12-31,1,Initial Consent,15836032373058853941
51,EMP0000920307,US,Service Delivery,Declined,Mobile App,2024-01-01,9999-12-31,1,Initial Consent,15575360026764166352
52,EMP0000920307,US,Analytics,Granted,Web Portal,2024-01-01,9999-12-31,1,Initial Consent,6526336854773118526
53,EMP0000920307,US,Marketing,Granted,Mobile App,2024-01-01,9999-12-31,1,Initial Consent,15362261963762859028
54,EMP0000920307,US,Research,Granted,Call Centre,2024-01-01,9999-12-31,1,Initial Consent,6641652956889825745
55,EMP0000920307,US,Data Sharing,Granted,Call Centre,2024-01-01,9999-12-31,1,Initial Consent,7195435617757297509
56,EMP0000732391,ZA,Service Delivery,Granted,Mobile App,2024-01-01,9999-12-31,1,Initial Consent,6123145182729529912
57,EMP0000732391,ZA,Analytics,Granted,Mobile App,2024-01-01,9999-12-31,1,Initial Consent,1631858020658104158
58,EMP0000732391,ZA,Marketing,Granted,Mobile App,2024-01-01,9999-12-31,1,Initial Consent,3700417056944642715
59,EMP0000732391,ZA,Research,Granted,Mobile App,2024-01-01,9999-12-31,1,Initial Consent,11767037515223478051
60,EMP0000732391,ZA,Data Sharing,Granted,Call Centre,2024-01-01,9999-12-31,1,Initial Consent,2153766726277202726
61,EMP0000649246,US,Service Delivery,Granted,Web Portal,2024-01-01,9999-12-31,1,Initial Consent,12373149734613241023
62,EMP0000649246,US,Analytics,Granted,Web Portal,2024-01-01,9999-12-31,1,Initial Consent,10167652068927898845
63,EMP0000649246,US,Marketing,Granted,Mobile App,2024-01-01,9999-12-31,1,Initial Consent,11430747088572553959
64,EMP0000649246,US,Research,Granted,Mobile App,2024-01-01,9999-12-31,1,Initial Consent,16104566250443740767
65,EMP0000649246,US,Data Sharing,Granted,Mobile App,2024-01-01,9999-12-31,1,Initial Consent,1904242944739375883
66,EMP0000173739,UK,Service Delivery,Granted,Mobile App,2024-01-01,9999-12-31,1,Initial Consent,4525449315241561131
67,EMP0000173739,UK,Analytics,Granted,Call Centre,2024-01-01,9999-12-31,1,Initial Consent,12501953880736136160
68,EMP0000173739,UK,Marketing,Granted,Web Portal,2024-01-01,9999-12-31,1,Initial Consent,6811890870437741099
69,EMP0000173739,UK,Research,Declined,Web Portal,2024-01-01,9999-12-31,1,Initial Consent,11559596477401310428
70,EMP0000173739,UK,Data Sharing,Granted,Web Portal,2024-01-01,9999-12-31,1,Initial Consent,15843434984544243999
71,EMP0000683024,UK,Service Delivery,Granted,Call Centre,2024-01-01,9999-12-31,1,Initial Consent,14017532218806934357
72,EMP0000683024,UK,Analytics,Granted,HR Upload,2024-01-01,9999-12-31,1,Initial Consent,12577518800898857489
73,EMP0000683024,UK,Marketing,Granted,Mobile App,2024-01-01,9999-12-31,1,Initial Consent,1717444138400233395
74,EMP0000683024,UK,Research,Granted,HR Upload,2024-01-01,9999-12-31,1,Initial Consent,7381068183311306528
75,EMP0000683024,UK,Data Sharing,Granted,HR Upload,2024-01-01,9999-12-31,1,Initial Consent,10771756502163192628
76,EMP0000483458,US,Service Delivery,Granted,HR Upload,2024-01-01,9999-12-31,1,Initial Consent,9685575947545052684
77,EMP0000483458,US,Analytics,Granted,Web Portal,2024-01-01,9999-12-31,1,Initial Consent,12168197759744014886
78,EMP0000483458,US,Marketing,Granted,Mobile App,2024-01-01,9999-12-31,1,Initial Consent,15299210264431459196
79,EMP0000483458,US,Research,Granted,Web Portal,2024-01-01,9999-12-31,1,Initial Consent,10313885437171269383
80,EMP0000483458,US,Data Sharing,Granted,Call Centre,2024-01-01,9999-12-31,1,Initial Consent,3132320350854788813
81,EMP0000281665,CA,Service Delivery,Granted,Web Portal,2024-01-01,9999-12-31,1,Initial Consent,15602138011007609253
82,EMP0000281665,CA,Analytics,Declined,Web Portal,2024-01-01,9999-12-31,1,Initial Consent,14440652789496348872
83,EMP0000281665,CA,Marketing,Declined,Mobile App,2024-01-01,9999-12-31,1,Initial Consent,4987517328940971218
84,EMP0000281665,CA,Research,Granted,HR Upload,2024-01-01,9999-12-31,1,Initial Consent,1946311974378414478
85,EMP0000281665,CA,Data Sharing,Granted,Web Portal,2024-01-01,9999-12-31,1,Initial Consent,14029660262988255130
86,EMP0000320804,US,Service Delivery,Granted,Mobile App,2024-01-01,9999-12-31,1,Initial Consent,13107037113888767679
87,EMP0000320804,US,Analytics,Granted,Web Portal,2024-01-01,9999-12-31,1,Initial Consent,14633274575056950190
88,EMP0000320804,US,Marketing,Granted,Call Centre,2024-01-01,9999-12-31,1,Initial Consent,16589745355846143257
89,EMP0000320804,US,Research,Granted,Mobile App,2024-01-01,9999-12-31,1,Initial Consent,8867905156125151996
90,EMP0000320804,US,Data Sharing,Declined,Web Portal,2024-01-01,9999-12-31,1,Initial Consent,10325221544919186332
91,EMP0000432976,US,Service Delivery,Declined,HR Upload,2024-01-01,9999-12-31,1,Initial Consent,17127632730885457914
92,EMP0000432976,US,Analytics,Granted,Call Centre,2024-01-01,9999-12-31,1,Initial Consent,12668949428393890573
93,EMP0000432976,US,Marketing,Granted,Call Centre,2024-01-01,9999-12-31,1,Initial Consent,1054910782018062944
94,EMP0000432976,US,Research,Granted,Call Centre,2024-01-01,9999-12-31,1,Initial Consent,8149842860894338664
95,EMP0000432976,US,Data Sharing,Granted,HR Upload,2024-01-01,9999-12-31,1,Initial Consent,840684518059895870
96,EMP0000905564,UK,Service Delivery,Declined,Call Centre,2024-01-01,9999-12-31,1,Initial Consent,17578526487580728525
97,EMP0000905564,UK,Analytics,Declined,Mobile App,2024-01-01,9999-12-31,1,Initial Consent,4987844810564967322
98,EMP0000905564,UK,Marketing,Granted,HR Upload,2024-01-01,9999-12-31,1,Initial Consent,11583834557173688295
99,EMP0000905564,UK,Research,Granted,Web Portal,2024-01-01,9999-12-31,1,Initial Consent,16915778000706277335
100,EMP0000905564,UK,Data Sharing,Granted,Call Centre,2024-01-01,9999-12-31,1,Initial Consent,11724485091025360189
101,EMP0000352319,UK,Service Delivery,Granted,HR Upload,2024-01-01,9999-12-31,1,Initial Consent,5968776624916076677
102,EMP0000352319,UK,Analytics,Granted,Web Portal,2024-01-01,9999-12-31,1,Initial Consent,853240688846408927
103,EMP0000352319,UK,Marketing,Granted,Call Centre,2024-01-01,9999-12-31,1,Initial Consent,17820946418710328084
104,EMP0000352319,UK,Research,Granted,HR Upload,2024-01-01,9999-12-31,1,Initial Consent,16147532268954747254
105,EMP0000352319,UK,Data Sharing,Granted,HR Upload,2024-01-01,9999-12-31,1,Initial Consent,2371502220351144330
106,EMP0000022972,US,Service Delivery,Granted,Web Portal,2024-01-01,9999-12-31,1,Initial Consent,4678117379394323373
107,EMP0000022972,US,Analytics,Granted,Mobile App,2024-01-01,9999-12-31,1,Initial Consent,16874112934301819340
108,EMP0000022972,US,Marketing,Granted,HR Upload,2024-01-01,9999-12-31,1,Initial Consent,1691450449898268750
109,EMP0000022972,US,Research,Declined,Web Portal,2024-01-01,9999-12-31,1,Initial Consent,5894352873216277877
110,EMP0000022972,US,Data Sharing,Granted,Mobile App,2024-01-01,9999-12-31,1,Initial Consent,5358363100827048645
111,EMP0000799343,US,Service Delivery,Granted,Call Centre,2024-01-01,9999-12-31,1,Initial Consent,14794144769554259304
112,EMP0000799343,US,Analytics,Granted,Web Portal,2024-01-01,9999-12-31,1,Initial Consent,259232680721637808
113,EMP0000799343,US,Marketing,Declined,HR Upload,2024-01-01,9999-12-31,1,Initial Consent,1450841948742179074
114,EMP0000799343,US,Research,Granted,HR Upload,2024-01-01,9999-12-31,1,Initial Consent,6466665088793526393
115,EMP0000799343,US,Data Sharing,Granted,Mobile App,2024-01-01,9999-12-31,1,Initial Consent,992991214850291186
116,EMP0000973520,US,Service Delivery,Granted,HR Upload,2024-01-01,9999-12-31,1,Initial Consent,11789269782275451656
117,EMP0000973520,US,Analytics,Granted,Mobile App,2024-01-01,9999-12-31,1,Initial Consent,17434506526287793757
118,EMP0000973520,US,Marketing,Granted,Web Portal,2024-01-01,9999-12-31,1,Initial Consent,2874287095054635187
119,EMP0000973520,US,Research,Granted,Web Portal,2024-01-01,9999-12-31,1,Initial Consent,3250286731817036059
120,EMP0000973520,US,Data Sharing,Granted,Web Portal,2024-01-01,9999-12-31,1,Initial Consent,179622583913017367
121,EMP0000503581,US,Service Delivery,Granted,Web Portal,2024-01-01,9999-12-31,1,Initial Consent,8603983289782784357
122,EMP0000503581,US,Analytics,Granted,Mobile App,2024-01-01,9999-12-31,1,Initial Consent,5098924752616894932
123,EMP0000503581,US,Marketing,Granted,HR Upload,2024-01-01,9999-12-31,1,Initial Consent,655334813785492518
124,EMP0000503581,US,Research,Granted,Web Portal,2024-01-01,9999-12-31,1,Initial Consent,7247529051509047894
125,EMP0000503581,US,Data Sharing,Granted,Web Portal,2024-01-01,9999-12-31,1,Initial Consent,4128846665995375450
126,EMP0000489135,UK,Service Delivery,Granted,Call Centre,2024-01-01,9999-12-31,1,Initial Consent,15067977040381546871
127,EMP0000489135,UK,Analytics,Granted,Call Centre,2024-01-01,9999-12-31,1,Initial Consent,15192049278456452453
128,EMP0000489135,UK,Marketing,Granted,Mobile App,2024-01-01,9999-12-31,1,Initial Consent,8842012281468651133
129,EMP0000489135,UK,Research,Granted,Mobile App,2024-01-01,9999-12-31,1,Initial Consent,1686736645117561605
130,EMP0000489135,UK,Data Sharing,Granted,Web Portal,2024-01-01,9999-12-31,1,Initial Consent,1339916816766638142
131,EMP0000343846,US,Service Delivery,Granted,HR Upload,2024-01-01,9999-12-31,1,Initial Consent,17436170844139865264
132,EMP0000343846,US,Analytics,Declined,Web Portal,2024-01-01,9999-12-31,1,Initial Consent,5652145673181745745
133,EMP0000343846,US,Marketing,Granted,Call Centre,2024-01-01,9999-12-31,1,Initial Consent,11124543614036856541
134,EMP0000343846,US,Research,Declined,Mobile App,2024-01-01,9999-12-31,1,Initial Consent,561562576903380431
135,EMP0000343846,US,Data Sharing,Granted,Mobile App,2024-01-01,9999-12-31,1,Initial Consent,7842241313212647308
136,EMP0000847095,US,Service Delivery,Granted,Web Portal,2024-01-01,9999-12-31,1,Initial Consent,15332917579517017720
137,EMP0000847095,US,Analytics,Granted,HR Upload,2024-01-01,9999-12-31,1,Initial Consent,13093299754558048314
138,EMP0000847095,US,Marketing,Granted,HR Upload,2024-01-01,9999-12-31,1,Initial Consent,13610779888237361075
139,EMP0000847095,US,Research,Granted,HR Upload,2024-01-01,9999-12-31,1,Initial Consent,6867548406576215707
140,EMP0000847095,US,Data Sharing,Granted,Call Centre,2024-01-01,9999-12-31,1,Initial Consent,4240236192655353969
141,EMP0000439719,US,Service Delivery,Granted,Call Centre,2024-01-01,9999-12-31,1,Initial Consent,10269125931898625368
142,EMP0000439719,US,Analytics,Granted,HR Upload,2024-01-01,9999-12-31,1,Initial Consent,1736116137858396104
143,EMP0000439719,US,Marketing,Granted,Call Centre,2024-01-01,9999-12-31,1,Initial Consent,17982666713379399191
144,EMP0000439719,US,Research,Granted,Mobile App,2024-01-01,9999-12-31,1,Initial Consent,7130988503805630494
145,EMP0000439719,US,Data Sharing,Granted,Call Centre,2024-01-01,9999-12-31,1,Initial Consent,4592423783841483763
146,EMP0000630656,US,Service Delivery,Declined,Mobile App,2024-01-01,9999-12-31,1,Initial Consent,14957317785800554283
147,EMP0000630656,US,Analytics,Granted,Mobile App,2024-01-01,9999-12-31,1,Initial Consent,10570171340472789442
148,EMP0000630656,US,Marketing,Granted,Call Centre,2024-01-01,9999-12-31,1,Initial Consent,13744732532649199022
149,EMP0000630656,US,Research,Granted,HR Upload,2024-01-01,9999-12-31,1,Initial Consent,7735846647274356988
150,EMP0000630656,US,Data Sharing,Granted,Mobile App,2024-01-01,9999-12-31,1,Initial Consent,4442189695892640963
151,EMP0000553203,US,Service Delivery,Granted,HR Upload,2024-01-01,9999-12-31,1,Initial Consent,3746619199503946788
152,EMP0000553203,US,Analytics,Granted,Call Centre,2024-01-01,9999-12-31,1,Initial Consent,9442219091588994204
153,EMP0000553203,US,Marketing,Granted,HR Upload,2024-01-01,9999-12-31,1,Initial Consent,15306818686554093375
154,EMP0000553203,US,Research,Granted,Web Portal,2024-01-01,9999-12-31,1,Initial Consent,14106339789951027503
155,EMP0000553203,US,Data Sharing,Granted,Mobile App,2024-01-01,9999-12-31,1,Initial Consent,7736214825736529200
156,EMP0000500909,ZA,Service Delivery,Granted,Call Centre,2024-01-01,9999-12-31,1,Initial Consent,124824325808511429
157,EMP0000500909,ZA,Analytics,Granted,Mobile App,2024-01-01,9999-12-31,1,Initial Consent,1137067004084949126
158,EMP0000500909,ZA,Marketing,Granted,Web Portal,2024-01-01,9999-12-31,1,Initial Consent,6971605580567327936
159,EMP0000500909,ZA,Research,Granted,Mobile App,2024-01-01,9999-12-31,1,Initial Consent,17885627358422472091
160,EMP0000500909,ZA,Data Sharing,Granted,Call Centre,2024-01-01,9999-12-31,1,Initial Consent,11033698643442626638
161,EMP0000383922,CA,Service Delivery,Granted,Web Portal,2024-01-01,9999-12-31,1,Initial Consent,12795067974088499739
162,EMP0000383922,CA,Analytics,Granted,HR Upload,2024-01-01,9999-12-31,1,Initial Consent,48441467311043753
163,EMP0000383922,CA,Marketing,Granted,Web Portal,2024-01-01,9999-12-31,1,Initial Consent,18326836814833014712
164,EMP0000383922,CA,Research,Declined,Mobile App,2024-01-01,9999-12-31,1,Initial Consent,15562346055375218524
165,EMP0000383922,CA,Data Sharing,Granted,HR Upload,2024-01-01,9999-12-31,1,Initial Consent,15969109926689368604
166,EMP0000586053,UK,Service Delivery,Granted,HR Upload,2024-01-01,9999-12-31,1,Initial Consent,18253171695691981461
167,EMP0000586053,UK,Analytics,Declined,Call Centre,2024-01-01,9999-12-31,1,Initial Consent,15800992649088307874
168,EMP0000586053,UK,Marketing,Granted,HR Upload,2024-01-01,9999-12-31,1,Initial Consent,10145499696698598542
169,EMP0000586053,UK,Research,Granted,Web Portal,2024-01-01,9999-12-31,1,Initial Consent,5912389341377183422
170,EMP0000586053,UK,Data Sharing,Granted,Web Portal,2024-01-01,9999-12-31,1,Initial Consent,374738317250271650
171,EMP0000390040,US,Service Delivery,Granted,Mobile App,2024-01-01,9999-12-31,1,Initial Consent,9515098332828986427
172,EMP0000390040,US,Analytics,Declined,Web Portal,2024-01-01,9999-12-31,1,Initial Consent,4443043291008193553
173,EMP0000390040,US,Marketing,Granted,Mobile App,2024-01-01,9999-12-31,1,Initial Consent,4804405713192907480
174,EMP0000390040,US,Research,Granted,HR Upload,2024-01-01,9999-12-31,1,Initial Consent,17020765594078714235
175,EMP0000390040,US,Data Sharing,Granted,Call Centre,2024-01-01,9999-12-31,1,Initial Consent,12769617979072307345
176,EMP0000719677,AU,Service Delivery,Granted,HR Upload,2024-01-01,9999-12-31,1,Initial Consent,14408520169422209208
177,EMP0000719677,AU,Analytics,Granted,Call Centre,2024-01-01,9999-12-31,1,Initial Consent,17968380691220571848
178,EMP0000719677,AU,Marketing,Declined,Mobile App,2024-01-01,9999-12-31,1,Initial Consent,16227484449228993567
179,EMP0000719677,AU,Research,Granted,Mobile App,2024-01-01,9999-12-31,1,Initial Consent,1293014328939415400
180,EMP0000719677,AU,Data Sharing,Granted,Mobile App,2024-01-01,9999-12-31,1,Initial Consent,10212570595421647620
181,EMP0000584172,UK,Service Delivery,Granted,Web Portal,2024-01-01,9999-12-31,1,Initial Consent,9120696202476718293
182,EMP0000584172,UK,Analytics,Granted,Call Centre,2024-01-01,9999-12-31,1,Initial Consent,7125276782914542297
183,EMP0000584172,UK,Marketing,Granted,Mobile App,2024-01-01,9999-12-31,1,Initial Consent,8692231084937829073
184,EMP0000584172,UK,Research,Granted,Call Centre,2024-01-01,9999-12-31,1,Initial Consent,17924394505256798932
185,EMP0000584172,UK,Data Sharing,Declined,Mobile App,2024-01-01,9999-12-31,1,Initial Consent,1899367209028225734
186,EMP0000159835,UK,Service Delivery,Granted,Mobile App,2024-01-01,9999-12-31,1,Initial Consent,9489105251881479870
187,EMP0000159835,UK,Analytics,Granted,Mobile App,2024-01-01,9999-12-31,1,Initial Consent,13009861611355732376
188,EMP0000159835,UK,Marketing,Granted,HR Upload,2024-01-01,9999-12-31,1,Initial Consent,18332037789069536282
189,EMP0000159835,UK,Research,Granted,HR Upload,2024-01-01,9999-12-31,1,Initial Consent,11898737348825827874
190,EMP0000159835,UK,Data Sharing,Granted,HR Upload,2024-01-01,9999-12-31,1,Initial Consent,2003037276312174606
191,EMP0000477653,US,Service Delivery,Granted,Mobile App,2024-01-01,9999-12-31,1,Initial Consent,18233283590727169669
192,EMP0000477653,US,Analytics,Granted,Call Centre,2024-01-01,9999-12-31,1,Initial Consent,14615736361418063226
193,EMP0000477653,US,Marketing,Declined,Call Centre,2024-01-01,9999-12-31,1,Initial Consent,2857804650198192960
194,EMP0000477653,US,Research,Granted,Web Portal,2024-01-01,9999-12-31,1,Initial Consent,169002904222256393
195,EMP0000477653,US,Data Sharing,Granted,Mobile App,2024-01-01,9999-12-31,1,Initial Consent,13699254252301597194
196,EMP0000388449,US,Service Delivery,Granted,Mobile App,2024-01-01,9999-12-31,1,Initial Consent,14175775278210257484
197,EMP0000388449,US,Analytics,Granted,Web Portal,2024-01-01,9999-12-31,1,Initial Consent,9194695239691385389
198,EMP0000388449,US,Marketing,Granted,Mobile App,2024-01-01,9999-12-31,1,Initial Consent,3377487119195642967
199,EMP0000388449,US,Research,Granted,HR Upload,2024-01-01,9999-12-31,1,Initial Consent,14632921632447579556
200,EMP0000388449,US,Data Sharing,Granted,Call Centre,2024-01-01,9999-12-31,1,Initial Consent,4523679605557765946
201,EMP0000319313,US,Service Delivery,Granted,Call Centre,2024-01-01,9999-12-31,1,Initial Consent,3212834242104439637
202,EMP0000319313,US,Analytics,Granted,Call Centre,2024-01-01,9999-12-31,1,Initial Consent,18388534018581359175
203,EMP0000319313,US,Marketing,Granted,Mobile App,2024-01-01,9999-12-31,1,Initial Consent,1135363370858127283
204,EMP0000319313,US,Research,Granted,Web Portal,2024-01-01,9999-12-31,1,Initial Consent,12310231874087594152
205,EMP0000319313,US,Data Sharing,Granted,Web Portal,2024-01-01,9999-12-31,1,Initial Consent,9391397083461740412
206,EMP0000702887,US,Service Delivery,Granted,Web Portal,2024-01-01,9999-12-31,1,Initial Consent,17214188518679453067
207,EMP0000702887,US,Analytics,Granted,HR Upload,2024-01-01,9999-12-31,1,Initial Consent,10993839227097039001
208,EMP0000702887,US,Marketing,Granted,Mobile App,2024-01-01,9999-12-31,1,Initial Consent,14049747068770524299
209,EMP0000702887,US,Research,Granted,Call Centre,2024-01-01,9999-12-31,1,Initial Consent,524658961132641250
210,EMP0000702887,US,Data Sharing,Granted,Call Centre,2024-01-01,9999-12-31,1,Initial Consent,8152994511493160214
211,EMP0000583186,US,Service Delivery,Granted,Call Centre,2024-01-01,9999-12-31,1,Initial Consent,9917351318080465886
212,EMP0000583186,US,Analytics,Declined,HR Upload,2024-01-01,9999-12-31,1,Initial Consent,15957803693320595613
213,EMP0000583186,US,Marketing,Granted,Mobile App,2024-01-01,9999-12-31,1,Initial Consent,4745338219622806852
214,EMP0000583186,US,Research,Granted,Mobile App,2024-01-01,9999-12-31,1,Initial Consent,15596700972987267548
215,EMP0000583186,US,Data Sharing,Granted,Mobile App,2024-01-01,9999-12-31,1,Initial Consent,6749140620036665184
216,EMP0000685633,US,Service Delivery,Granted,Mobile App,2024-01-01,9999-12-31,1,Initial Consent,15670156863283727143
217,EMP0000685633,US,Analytics,Declined,HR Upload,2024-01-01,9999-12-31,1,Initial Consent,393661051764282453
218,EMP0000685633,US,Marketing,Declined,Call Centre,2024-01-01,9999-12-31,1,Initial Consent,14946284272534691346
219,EMP0000685633,US,Research,Granted,Mobile App,2024-01-01,9999-12-31,1,Initial Consent,13193147824562514052
220,EMP0000685633,US,Data Sharing,Granted,HR Upload,2024-01-01,9999-12-31,1,Initial Consent,9107683331309079363
221,EMP0000218099,US,Service Delivery,Granted,Call Centre,2024-01-01,9999-12-31,1,Initial Consent,17558479213725473808
222,EMP0000218099,US,Analytics,Granted,Web Portal,2024-01-01,9999-12-31,1,Initial Consent,14706961083315185048
223,EMP0000218099,US,Marketing,Granted,Mobile App,2024-01-01,9999-12-31,1,Initial Consent,15880067669560038078
224,EMP0000218099,US,Research,Granted,Call Centre,2024-01-01,9999-12-31,1,Initial Consent,8248102902943627127
225,EMP0000218099,US,Data Sharing,Granted,Call Centre,2024-01-01,9999-12-31,1,Initial Consent,3181091612668272395
226,EMP0000858131,ZA,Service Delivery,Granted,Mobile App,2024-01-01,9999-12-31,1,Initial Consent,6155971748332394297
227,EMP0000858131,ZA,Analytics,Granted,Call Centre,2024-01-01,9999-12-31,1,Initial Consent,10169563687524209542
228,EMP0000858131,ZA,Marketing,Granted,Web Portal,2024-01-01,9999-12-31,1,Initial Consent,5323924928587430317
229,EMP0000858131,ZA,Research,Granted,Call Centre,2024-01-01,9999-12-31,1,Initial Consent,5189019203371708371
230,EMP0000858131,ZA,Data Sharing,Granted,Mobile App,2024-01-01,9999-12-31,1,Initial Consent,16411275385618032382
231,EMP0000165476,US,Service Delivery,Declined,Mobile App,2024-01-01,9999-12-31,1,Initial Consent,583636217316938048
232,EMP0000165476,US,Analytics,Granted,Call Centre,2024-01-01,9999-12-31,1,Initial Consent,7795144479670653132
233,EMP0000165476,US,Marketing,Granted,Web Portal,2024-01-01,9999-12-31,1,Initial Consent,6620596650120252039
234,EMP0000165476,US,Research,Granted,Web Portal,2024-01-01,9999-12-31,1,Initial Consent,7092990429473648095
235,EMP0000165476,US,Data Sharing,Granted,Mobile App,2024-01-01,9999-12-31,1,Initial Consent,16046979924284923008
236,EMP0000853750,US,Service Delivery,Granted,Web Portal,2024-01-01,9999-12-31,1,Initial Consent,16811883297506719651
237,EMP0000853750,US,Analytics,Granted,Call Centre,2024-01-01,9999-12-31,1,Initial Consent,7127827556301851431
238,EMP0000853750,US,Marketing,Granted,Web Portal,2024-01-01,9999-12-31,1,Initial Consent,15041084922457092144
239,EMP0000853750,US,Research,Granted,Call Centre,2024-01-01,9999-12-31,1,Initial Consent,17339519004691072682
240,EMP0000853750,US,Data Sharing,Granted,Mobile App,2024-01-01,9999-12-31,1,Initial Consent,16459544203535715711
241,EMP0000360695,CA,Service Delivery,Declined,Call Centre,2024-01-01,9999-12-31,1,Initial Consent,17662240612889883763
242,EMP0000360695,CA,Analytics,Granted,Web Portal,2024-01-01,9999-12-31,1,Initial Consent,16298034253784701340
243,EMP0000360695,CA,Marketing,Granted,Mobile App,2024-01-01,9999-12-31,1,Initial Consent,539523679241495282
244,EMP0000360695,CA,Research,Granted,Web Portal,2024-01-01,9999-12-31,1,Initial Consent,5107673058895319485
245,EMP0000360695,CA,Data Sharing,Granted,HR Upload,2024-01-01,9999-12-31,1,Initial Consent,3147764120976255665
246,EMP0000565290,CA,Service Delivery,Granted,Web Portal,2024-01-01,9999-12-31,1,Initial Consent,10270370686546090321
247,EMP0000565290,CA,Analytics,Granted,Mobile App,2024-01-01,9999-12-31,1,Initial Consent,14742156354791407016
248,EMP0000565290,CA,Marketing,Declined,Mobile App,2024-01-01,9999-12-31,1,Initial Consent,1922037989958330046
249,EMP0000565290,CA,Research,Granted,Call Centre,2024-01-01,9999-12-31,1,Initial Consent,5633126040624763912
250,EMP0000565290,CA,Data Sharing,Granted,Web Portal,2024-01-01,9999-12-31,1,Initial Consent,968349665360592134
251,EMP0000878286,UK,Service Delivery,Granted,Web Portal,2024-01-01,9999-12-31,1,Initial Consent,14574513952541321532
252,EMP0000878286,UK,Analytics,Granted,Web Portal,2024-01-01,9999-12-31,1,Initial Consent,9841820757788299790
253,EMP0000878286,UK,Marketing,Granted,Web Portal,2024-01-01,9999-12-31,1,Initial Consent,3015875299282337383
254,EMP0000878286,UK,Research,Granted,HR Upload,2024-01-01,9999-12-31,1,Initial Consent,10818484098947337335
255,EMP0000878286,UK,Data Sharing,Granted,Call Centre,2024-01-01,9999-12-31,1,Initial Consent,5389815036034634645
256,EMP0000030084,CA,Service Delivery,Granted,Call Centre,2024-01-01,9999-12-31,1,Initial Consent,2032797638693580494
257,EMP0000030084,CA,Analytics,Declined,HR Upload,2024-01-01,9999-12-31,1,Initial Consent,12984119081396811437
258,EMP0000030084,CA,Marketing,Granted,HR Upload,2024-01-01,9999-12-31,1,Initial Consent,11314095007379193951
259,EMP0000030084,CA,Research,Granted,Web Portal,2024-01-01,9999-12-31,1,Initial Consent,3593447898202212943
260,EMP0000030084,CA,Data Sharing,Granted,Web Portal,2024-01-01,9999-12-31,1,Initial Consent,3067043290167023923
261,EMP0000292113,US,Service Delivery,Granted,HR Upload,2024-01-01,9999-12-31,1,Initial Consent,9715453119958467857
262,EMP0000292113,US,Analytics,Granted,Mobile App,2024-01-01,9999-12-31,1,Initial Consent,15469900364110663776
263,EMP0000292113,US,Marketing,Granted,Web Portal,2024-01-01,9999-12-31,1,Initial Consent,15333874849678985578
264,EMP0000292113,US,Research,Granted,Web Portal,2024-01-01,9999-12-31,1,Initial Consent,8028698408623890642
265,EMP0000292113,US,Data Sharing,Granted,Call Centre,2024-01-01,9999-12-31,1,Initial Consent,16506100139961613676
266,EMP0000328258,CA,Service Delivery,Granted,HR Upload,2024-01-01,9999-12-31,1,Initial Consent,898044101432631972
267,EMP0000328258,CA,Analytics,Granted,Web Portal,2024-01-01,9999-12-31,1,Initial Consent,9039167791814762494
268,EMP0000328258,CA,Marketing,Granted,Mobile App,2024-01-01,9999-12-31,1,Initial Consent,17313559555962471892
269,EMP0000328258,CA,Research,Granted,Call Centre,2024-01-01,9999-12-31,1,Initial Consent,12967938227230683921
270,EMP0000328258,CA,Data Sharing,Granted,Call Centre,2024-01-01,9999-12-31,1,Initial Consent,12215249517806847653
271,EMP0000837221,US,Service Delivery,Granted,Web Portal,2024-01-01,9999-12-31,1,Initial Consent,6320705584112940895
272,EMP0000837221,US,Analytics,Granted,Mobile App,2024-01-01,9999-12-31,1,Initial Consent,5757829436762921498
273,EMP0000837221,US,Marketing,Granted,Mobile App,2024-01-01,9999-12-31,1,Initial Consent,1713729418654343687
274,EMP0000837221,US,Research,Granted,Call Centre,2024-01-01,9999-12-31,1,Initial Consent,15147691362999896254
275,EMP0000837221,US,Data Sharing,Granted,Web Portal,2024-01-01,9999-12-31,1,Initial Consent,11200978183824400392
276,EMP0000122029,US,Service Delivery,Granted,Web Portal,2024-01-01,9999-12-31,1,Initial Consent,17737701075578993971
277,EMP0000122029,US,Analytics,Granted,Mobile App,2024-01-01,9999-12-31,1,Initial Consent,8236189966804126470
278,EMP0000122029,US,Marketing,Granted,Mobile App,2024-01-01,9999-12-31,1,Initial Consent,194961710384532643
279,EMP0000122029,US,Research,Granted,Web Portal,2024-01-01,9999-12-31,1,Initial Consent,14385776565490460984
280,EMP0000122029,US,Data Sharing,Declined,Call Centre,2024-01-01,9999-12-31,1,Initial Consent,8090818821601795173
281,EMP0000091567,US,Service Delivery,Granted,HR Upload,2024-01-01,9999-12-31,1,Initial Consent,15538602790320993323
282,EMP0000091567,US,Analytics,Granted,HR Upload,2024-01-01,9999-12-31,1,Initial Consent,14205217437855775217
283,EMP0000091567,US,Marketing,Granted,HR Upload,2024-01-01,9999-12-31,1,Initial Consent,5720677405911845080
284,EMP0000091567,US,Research,Declined,Mobile App,2024-01-01,9999-12-31,1,Initial Consent,15783570819528450132
285,EMP0000091567,US,Data Sharing,Granted,Web Portal,2024-01-01,9999-12-31,1,Initial Consent,5923339474376023388
286,EMP0000268009,US,Service Delivery,Granted,Call Centre,2024-01-01,9999-12-31,1,Initial Consent,3684797332439887848
287,EMP0000268009,US,Analytics,Granted,Mobile App,2024-01-01,9999-12-31,1,Initial Consent,17177281068823355027
288,EMP0000268009,US,Marketing,Granted,Mobile App,2024-01-01,9999-12-31,1,Initial Consent,16852049568753848278
289,EMP0000268009,US,Research,Granted,Call Centre,2024-01-01,9999-12-31,1,Initial Consent,7368222388852372623
290,EMP0000268009,US,Data Sharing,Granted,Mobile App,2024-01-01,9999-12-31,1,Initial Consent,12099776402032806770
291,EMP0000687878,US,Service Delivery,Granted,Web Portal,2024-01-01,9999-12-31,1,Initial Consent,135874484214118390
292,EMP0000687878,US,Analytics,Granted,Call Centre,2024-01-01,9999-12-31,1,Initial Consent,203669378899508134
293,EMP0000687878,US,Marketing,Granted,Mobile App,2024-01-01,9999-12-31,1,Initial Consent,18189597546434703210
294,EMP0000687878,US,Research,Declined,Web Portal,2024-01-01,9999-12-31,1,Initial Consent,5728114110084402990
295,EMP0000687878,US,Data Sharing,Granted,Web Portal,2024-01-01,9999-12-31,1,Initial Consent,3366442063799938625
296,EMP0000813677,ZA,Service Delivery,Granted,Web Portal,2024-01-01,9999-12-31,1,Initial Consent,16931641785369886768
297,EMP0000813677,ZA,Analytics,Granted,Web Portal,2024-01-01,9999-12-31,1,Initial Consent,676963713636608842
298,EMP0000813677,ZA,Marketing,Granted,Web Portal,2024-01-01,9999-12-31,1,Initial Consent,5905350846744119203
299,EMP0000813677,ZA,Research,Granted,Mobile App,2024-01-01,9999-12-31,1,Initial Consent,6211414925396189640
300,EMP0000813677,ZA,Data Sharing,Granted,Call Centre,2024-01-01,9999-12-31,1,Initial Consent,13534178673290930265
301,EMP0000629576,UK,Service Delivery,Granted,Call Centre,2024-01-01,9999-12-31,1,Initial Consent,1366436781832929108
302,EMP0000629576,UK,Analytics,Granted,HR Upload,2024-01-01,9999-12-31,1,Initial Consent,17699980018299715532
303,EMP0000629576,UK,Marketing,Granted,HR Upload,2024-01-01,9999-12-31,1,Initial Consent,13814670768523928901
304,EMP0000629576,UK,Research,Granted,HR Upload,2024-01-01,9999-12-31,1,Initial Consent,8266625866246620461
305,EMP0000629576,UK,Data Sharing,Declined,Call Centre,2024-01-01,9999-12-31,1,Initial Consent,8183889943146203568
306,EMP0000661637,ZA,Service Delivery,Granted,HR Upload,2024-01-01,9999-12-31,1,Initial Consent,11015511521810839454
307,EMP0000661637,ZA,Analytics,Granted,Mobile App,2024-01-01,9999-12-31,1,Initial Consent,17674799825136606055
308,EMP0000661637,ZA,Marketing,Granted,Mobile App,2024-01-01,9999-12-31,1,Initial Consent,16337268949997851642
309,EMP0000661637,ZA,Research,Granted,HR Upload,2024-01-01,9999-12-31,1,Initial Consent,3323143867942811853
310,EMP0000661637,ZA,Data Sharing,Declined,Call Centre,2024-01-01,9999-12-31,1,Initial Consent,9408973992180187152
311,EMP0000164927,US,Service Delivery,Granted,Mobile App,2024-01-01,9999-12-31,1,Initial Consent,5906635072885150589
312,EMP0000164927,US,Analytics,Granted,Call Centre,2024-01-01,9999-12-31,1,Initial Consent,6020348966396454386
313,EMP0000164927,US,Marketing,Granted,Call Centre,2024-01-01,9999-12-31,1,Initial Consent,6777027125390304887
314,EMP0000164927,US,Research,Granted,Web Portal,2024-01-01,9999-12-31,1,Initial Consent,2926359930671501089
315,EMP0000164927,US,Data Sharing,Declined,Call Centre,2024-01-01,9999-12-31,1,Initial Consent,1046719767667084844
316,EMP0000827874,UK,Service Delivery,Granted,HR Upload,2024-01-01,9999-12-31,1,Initial Consent,4832441790639984285
317,EMP0000827874,UK,Analytics,Granted,Call Centre,2024-01-01,9999-12-31,1,Initial Consent,2464623685091433289
318,EMP0000827874,UK,Marketing,Granted,Mobile App,2024-01-01,9999-12-31,1,Initial Consent,16901805797723176801
319,EMP0000827874,UK,Research,Granted,Mobile App,2024-01-01,9999-12-31,1,Initial Consent,15721788207823272505
320,EMP0000827874,UK,Data Sharing,Granted,Mobile App,2024-01-01,9999-12-31,1,Initial Consent,13996075373160518077
321,EMP0000484144,ZA,Service Delivery,Declined,Mobile App,2024-01-01,9999-12-31,1,Initial Consent,17928706159476845964
322,EMP0000484144,ZA,Analytics,Granted,Mobile App,2024-01-01,9999-12-31,1,Initial Consent,16050914959357315085
323,EMP0000484144,ZA,Marketing,Granted,HR Upload,2024-01-01,9999-12-31,1,Initial Consent,1671795319433146635
324,EMP0000484144,ZA,Research,Granted,Mobile App,2024-01-01,9999-12-31,1,Initial Consent,17714949508410877672
325,EMP0000484144,ZA,Data Sharing,Granted,Call Centre,2024-01-01,9999-12-31,1,Initial Consent,18142266074866167161
326,EMP0000361901,US,Service Delivery,Granted,HR Upload,2024-01-01,9999-12-31,1,Initial Consent,12498098352342817560
327,EMP0000361901,US,Analytics,Granted,Call Centre,2024-01-01,9999-12-31,1,Initial Consent,8589857265604288616
328,EMP0000361901,US,Marketing,Granted,HR Upload,2024-01-01,9999-12-31,1,Initial Consent,267945503032686571
329,EMP0000361901,US,Research,Granted,Mobile App,2024-01-01,9999-12-31,1,Initial Consent,10423902103100197704
330,EMP0000361901,US,Data Sharing,Granted,Mobile App,2024-01-01,9999-12-31,1,Initial Consent,17067148817738636516
331,EMP0000042078,ZA,Service Delivery,Granted,Call Centre,2024-01-01,9999-12-31,1,Initial Consent,2973765145847316350
332,EMP0000042078,ZA,Analytics,Granted,HR Upload,2024-01-01,9999-12-31,1,Initial Consent,6643971685274038966
333,EMP0000042078,ZA,Marketing,Granted,Mobile App,2024-01-01,9999-12-31,1,Initial Consent,18118613561504906212
334,EMP0000042078,ZA,Research,Declined,HR Upload,2024-01-01,9999-12-31,1,Initial Consent,6750262495000120232
335,EMP0000042078,ZA,Data Sharing,Granted,HR Upload,2024-01-01,9999-12-31,1,Initial Consent,998974766083446507
336,EMP0000697078,US,Service Delivery,Granted,Call Centre,2024-01-01,9999-12-31,1,Initial Consent,17981908095494700285
337,EMP0000697078,US,Analytics,Granted,Web Portal,2024-01-01,9999-12-31,1,Initial Consent,9814122202513122497
338,EMP0000697078,US,Marketing,Declined,Web Portal,2024-01-01,9999-12-31,1,Initial Consent,13733252014485014023
339,EMP0000697078,US,Research,Granted,Call Centre,2024-01-01,9999-12-31,1,Initial Consent,10295668335444471506
340,EMP0000697078,US,Data Sharing,Granted,Call Centre,2024-01-01,9999-12-31,1,Initial Consent,6002229355015896870
341,EMP0000195309,US,Service Delivery,Granted,HR Upload,2024-01-01,9999-12-31,1,Initial Consent,8374868284862107035
342,EMP0000195309,US,Analytics,Granted,HR Upload,2024-01-01,9999-12-31,1,Initial Consent,4655423802118718145
343,EMP0000195309,US,Marketing,Declined,Call Centre,2024-01-01,9999-12-31,1,Initial Consent,16708724311432901857
344,EMP0000195309,US,Research,Declined,Web Portal,2024-01-01,9999-12-31,1,Initial Consent,10079167744429953991
345,EMP0000195309,US,Data Sharing,Granted,Web Portal,2024-01-01,9999-12-31,1,Initial Consent,15910063611450912300
346,EMP0000309629,AU,Service Delivery,Granted,HR Upload,2024-01-01,9999-12-31,1,Initial Consent,10792422674781587473
347,EMP0000309629,AU,Analytics,Granted,Web Portal,2024-01-01,9999-12-31,1,Initial Consent,2699246346253975235
348,EMP0000309629,AU,Marketing,Granted,HR Upload,2024-01-01,9999-12-31,1,Initial Consent,7386648688422567634
349,EMP0000309629,AU,Research,Granted,Call Centre,2024-01-01,9999-12-31,1,Initial Consent,1768995970214883520
350,EMP0000309629,AU,Data Sharing,Granted,Mobile App,2024-01-01,9999-12-31,1,Initial Consent,524211183836265265
351,EMP0000463115,US,Service Delivery,Granted,HR Upload,2024-01-01,9999-12-31,1,Initial Consent,8762680703110858496
352,EMP0000463115,US,Analytics,Granted,Call Centre,2024-01-01,9999-12-31,1,Initial Consent,8018268001844783840
353,EMP0000463115,US,Marketing,Granted,Web Portal,2024-01-01,9999-12-31,1,Initial Consent,10969012973399476523
354,EMP0000463115,US,Research,Granted,Mobile App,2024-01-01,9999-12-31,1,Initial Consent,702793517918891584
355,EMP0000463115,US,Data Sharing,Granted,HR Upload,2024-01-01,9999-12-31,1,Initial Consent,638752462057406935
356,EMP0000461816,US,Service Delivery,Granted,Call Centre,2024-01-01,9999-12-31,1,Initial Consent,15136671297496712355
357,EMP0000461816,US,Analytics,Granted,Call Centre,2024-01-01,9999-12-31,1,Initial Consent,8694770108466270777
358,EMP0000461816,US,Marketing,Granted,Mobile App,2024-01-01,9999-12-31,1,Initial Consent,5650817105608400433
359,EMP0000461816,US,Research,Granted,Mobile App,2024-01-01,9999-12-31,1,Initial Consent,3339853617336818537
360,EMP0000461816,US,Data Sharing,Granted,Web Portal,2024-01-01,9999-12-31,1,Initial Consent,4757403884983505770
361,EMP0000651227,AU,Service Delivery,Granted,Mobile App,2024-01-01,9999-12-31,1,Initial Consent,4387437450745662690
362,EMP0000651227,AU,Analytics,Granted,Mobile App,2024-01-01,9999-12-31,1,Initial Consent,3410245569142211252
363,EMP0000651227,AU,Marketing,Granted,Mobile App,2024-01-01,9999-12-31,1,Initial Consent,14243753060333934529
364,EMP0000651227,AU,Research,Granted,Mobile App,2024-01-01,9999-12-31,1,Initial Consent,9514419677297028057
365,EMP0000651227,AU,Data Sharing,Granted,HR Upload,2024-01-01,9999-12-31,1,Initial Consent,2450708402007902786
366,EMP0000577526,ZA,Service Delivery,Granted,Web Portal,2024-01-01,9999-12-31,1,Initial Consent,6097174861156624006
367,EMP0000577526,ZA,Analytics,Granted,Mobile App,2024-01-01,9999-12-31,1,Initial Consent,9498375542300842343
368,EMP0000577526,ZA,Marketing,Granted,Mobile App,2024-01-01,9999-12-31,1,Initial Consent,11603566804448729594
369,EMP0000577526,ZA,Research,Granted,Mobile App,2024-01-01,9999-12-31,1,Initial Consent,10136409220096153810
370,EMP0000577526,ZA,Data Sharing,Granted,Web Portal,2024-01-01,9999-12-31,1,Initial Consent,15994500129996375249
371,EMP0000553397,US,Service Delivery,Granted,HR Upload,2024-01-01,9999-12-31,1,Initial Consent,7024809305394210154
372,EMP0000553397,US,Analytics,Granted,Mobile App,2024-01-01,9999-12-31,1,Initial Consent,9971802398735326731
373,EMP0000553397,US,Marketing,Declined,Call Centre,2024-01-01,9999-12-31,1,Initial Consent,192834922168425872
374,EMP0000553397,US,Research,Granted,Web Portal,2024-01-01,9999-12-31,1,Initial Consent,708295750183546713
375,EMP0000553397,US,Data Sharing,Granted,Call Centre,2024-01-01,9999-12-31,1,Initial Consent,13448643400443582203
376,EMP0000671640,US,Service Delivery,Granted,Web Portal,2024-01-01,9999-12-31,1,Initial Consent,14365456948909261593
377,EMP0000671640,US,Analytics,Granted,Web Portal,2024-01-01,9999-12-31,1,Initial Consent,631869370891835779
378,EMP0000671640,US,Marketing,Granted,HR Upload,2024-01-01,9999-12-31,1,Initial Consent,766858925689428626
379,EMP0000671640,US,Research,Granted,Call Centre,2024-01-01,9999-12-31,1,Initial Consent,4243569749022284032
380,EMP0000671640,US,Data Sharing,Granted,Call Centre,2024-01-01,9999-12-31,1,Initial Consent,14604430199838170796
381,EMP0000095669,US,Service Delivery,Granted,Web Portal,2024-01-01,9999-12-31,1,Initial Consent,553504836799528608
382,EMP0000095669,US,Analytics,Granted,HR Upload,2024-01-01,9999-12-31,1,Initial Consent,6898249050608392802
383,EMP0000095669,US,Marketing,Granted,Web Portal,2024-01-01,9999-12-31,1,Initial Consent,8370301690938551187
384,EMP0000095669,US,Research,Granted,HR Upload,2024-01-01,9999-12-31,1,Initial Consent,10632921869105038547
385,EMP0000095669,US,Data Sharing,Granted,Call Centre,2024-01-01,9999-12-31,1,Initial Consent,14195516193030110793
386,EMP0000738456,ZA,Service Delivery,Granted,Mobile App,2024-01-01,9999-12-31,1,Initial Consent,16686089581677260716
387,EMP0000738456,ZA,Analytics,Declined,HR Upload,2024-01-01,9999-12-31,1,Initial Consent,9933000034180484734
388,EMP0000738456,ZA,Marketing,Granted,Web Portal,2024-01-01,9999-12-31,1,Initial Consent,6003362898904424404
389,EMP0000738456,ZA,Research,Declined,Mobile App,2024-01-01,9999-12-31,1,Initial Consent,16163908886146619184
390,EMP0000738456,ZA,Data Sharing,Granted,HR Upload,2024-01-01,9999-12-31,1,Initial Consent,17962948135740437328
391,EMP0000503422,US,Service Delivery,Granted,Web Portal,2024-01-01,9999-12-31,1,Initial Consent,10876136790831207916
392,EMP0000503422,US,Analytics,Granted,Web Portal,2024-01-01,9999-12-31,1,Initial Consent,16463837990273753822
393,EMP0000503422,US,Marketing,Granted,Web Portal,2024-01-01,9999-12-31,1,Initial Consent,14502893073262099863
394,EMP0000503422,US,Research,Granted,Call Centre,2024-01-01,9999-12-31,1,Initial Consent,3247189648661980337
395,EMP0000503422,US,Data Sharing,Granted,HR Upload,2024-01-01,9999-12-31,1,Initial Consent,16181628825259327963
396,EMP0000801375,US,Service Delivery,Granted,Mobile App,2024-01-01,9999-12-31,1,Initial Consent,13149813701975058574
397,EMP0000801375,US,Analytics,Declined,Mobile App,2024-01-01,9999-12-31,1,Initial Consent,1031388899824928247
398,EMP0000801375,US,Marketing,Granted,Call Centre,2024-01-01,9999-12-31,1,Initial Consent,18296598231765969504
399,EMP0000801375,US,Research,Granted,Call Centre,2024-01-01,9999-12-31,1,Initial Consent,14738567085721362024
400,EMP0000801375,US,Data Sharing,Granted,Web Portal,2024-01-01,9999-12-31,1,Initial Consent,7317493075935459302
401,EMP0000107694,CA,Service Delivery,Granted,Call Centre,2024-01-01,9999-12-31,1,Initial Consent,15582100506002846690
402,EMP0000107694,CA,Analytics,Granted,Web Portal,2024-01-01,9999-12-31,1,Initial Consent,18172655055209724906
403,EMP0000107694,CA,Marketing,Granted,Call Centre,2024-01-01,9999-12-31,1,Initial Consent,17324475188367283925
404,EMP0000107694,CA,Research,Granted,Mobile App,2024-01-01,9999-12-31,1,Initial Consent,7010601158675826472
405,EMP0000107694,CA,Data Sharing,Granted,Call Centre,2024-01-01,9999-12-31,1,Initial Consent,9912799340282441657
406,EMP0000441054,US,Service Delivery,Granted,HR Upload,2024-01-01,9999-12-31,1,Initial Consent,10384559854791498961
407,EMP0000441054,US,Analytics,Declined,Mobile App,2024-01-01,9999-12-31,1,Initial Consent,11468207436840833439
408,EMP0000441054,US,Marketing,Granted,Call Centre,2024-01-01,9999-12-31,1,Initial Consent,4241356363400035912
409,EMP0000441054,US,Research,Granted,HR Upload,2024-01-01,9999-12-31,1,Initial Consent,7780738057386655786
410,EMP0000441054,US,Data Sharing,Granted,HR Upload,2024-01-01,9999-12-31,1,Initial Consent,13856007436448271766
411,EMP0000350127,US,Service Delivery,Granted,Call Centre,2024-01-01,9999-12-31,1,Initial Consent,16700521541006022873
412,EMP0000350127,US,Analytics,Granted,HR Upload,2024-01-01,9999-12-31,1,Initial Consent,10834479480129499053
413,EMP0000350127,US,Marketing,Granted,Mobile App,2024-01-01,9999-12-31,1,Initial Consent,6880046854877900799
414,EMP0000350127,US,Research,Granted,Call Centre,2024-01-01,9999-12-31,1,Initial Consent,11783961209577734134
415,EMP0000350127,US,Data Sharing,Granted,Mobile App,2024-01-01,9999-12-31,1,Initial Consent,9145982980722305811
416,EMP0000998807,US,Service Delivery,Granted,HR Upload,2024-01-01,9999-12-31,1,Initial Consent,6593807395088698512
417,EMP0000998807,US,Analytics,Granted,HR Upload,2024-01-01,9999-12-31,1,Initial Consent,688180763364205434
418,EMP0000998807,US,Marketing,Granted,Call Centre,2024-01-01,9999-12-31,1,Initial Consent,15221471256795132797
419,EMP0000998807,US,Research,Granted,Call Centre,2024-01-01,9999-12-31,1,Initial Consent,15627558499647567941
420,EMP0000998807,US,Data Sharing,Granted,Call Centre,2024-01-01,9999-12-31,1,Initial Consent,10263369572557595825
421,EMP0000537871,ZA,Service Delivery,Granted,Call Centre,2024-01-01,9999-12-31,1,Initial Consent,7235068269797583230
422,EMP0000537871,ZA,Analytics,Granted,Call Centre,2024-01-01,9999-12-31,1,Initial Consent,16510654052551265036
423,EMP0000537871,ZA,Marketing,Granted,Mobile App,2024-01-01,9999-12-31,1,Initial Consent,8128209527688227300
424,EMP0000537871,ZA,Research,Granted,Call Centre,2024-01-01,9999-12-31,1,Initial Consent,5985854355993928705
425,EMP0000537871,ZA,Data Sharing,Granted,Web Portal,2024-01-01,9999-12-31,1,Initial Consent,11165762341838564387
426,EMP0000001867,US,Service Delivery,Granted,HR Upload,2024-01-01,9999-12-31,1,Initial Consent,17764839980744321602
427,EMP0000001867,US,Analytics,Granted,Mobile App,2024-01-01,9999-12-31,1,Initial Consent,6702665089830126883
428,EMP0000001867,US,Marketing,Granted,HR Upload,2024-01-01,9999-12-31,1,Initial Consent,12223974201947816833
429,EMP0000001867,US,Research,Granted,HR Upload,2024-01-01,9999-12-31,1,Initial Consent,12606557567694920361
430,EMP0000001867,US,Data Sharing,Granted,Mobile App,2024-01-01,9999-12-31,1,Initial Consent,8163603544948993250
431,EMP0000458824,US,Service Delivery,Granted,Call Centre,2024-01-01,9999-12-31,1,Initial Consent,13625468407128849975
432,EMP0000458824,US,Analytics,Granted,Call Centre,2024-01-01,9999-12-31,1,Initial Consent,6038480543303327781
433,EMP0000458824,US,Marketing,Granted,Mobile App,2024-01-01,9999-12-31,1,Initial Consent,12381388237085864125
434,EMP0000458824,US,Research,Granted,HR Upload,2024-01-01,9999-12-31,1,Initial Consent,5600614312725820890
435,EMP0000458824,US,Data Sharing,Granted,Web Portal,2024-01-01,9999-12-31,1,Initial Consent,9811226935060568190
436,EMP0000654437,UK,Service Delivery,Granted,HR Upload,2024-01-01,9999-12-31,1,Initial Consent,1753531369615375333
437,EMP0000654437,UK,Analytics,Granted,Call Centre,2024-01-01,9999-12-31,1,Initial Consent,2666961811182955489
438,EMP0000654437,UK,Marketing,Declined,HR Upload,2024-01-01,9999-12-31,1,Initial Consent,18439382330838917845
439,EMP0000654437,UK,Research,Granted,Web Portal,2024-01-01,9999-12-31,1,Initial Consent,2807288264771190286
440,EMP0000654437,UK,Data Sharing,Granted,HR Upload,2024-01-01,9999-12-31,1,Initial Consent,8323547981297956010
441,EMP0000945199,US,Service Delivery,Granted,Call Centre,2024-01-01,9999-12-31,1,Initial Consent,6127208188895316482
442,EMP0000945199,US,Analytics,Granted,HR Upload,2024-01-01,9999-12-31,1,Initial Consent,5011237240944692658
443,EMP0000945199,US,Marketing,Granted,HR Upload,2024-01-01,9999-12-31,1,Initial Consent,17608084088460883627
444,EMP0000945199,US,Research,Granted,Web Portal,2024-01-01,9999-12-31,1,Initial Consent,10145824513159805291
445,EMP0000945199,US,Data Sharing,Granted,Call Centre,2024-01-01,9999-12-31,1,Initial Consent,56432896678398745
446,EMP0000711818,US,Service Delivery,Declined,Web Portal,2024-01-01,9999-12-31,1,Initial Consent,15775845934786908953
447,EMP0000711818,US,Analytics,Granted,Mobile App,2024-01-01,9999-12-31,1,Initial Consent,11992931591035131587
448,EMP0000711818,US,Marketing,Granted,Web Portal,2024-01-01,9999-12-31,1,Initial Consent,4148122880649714185
449,EMP0000711818,US,Research,Granted,HR Upload,2024-01-01,9999-12-31,1,Initial Consent,11513000599626797257
450,EMP0000711818,US,Data Sharing,Granted,Mobile App,2024-01-01,9999-12-31,1,Initial Consent,105122744669542338
451,EMP0000264982,US,Service Delivery,Granted,Mobile App,2024-01-01,9999-12-31,1,Initial Consent,6274506324262713699
452,EMP0000264982,US,Analytics,Granted,Call Centre,2024-01-01,9999-12-31,1,Initial Consent,11602285609739850712
453,EMP0000264982,US,Marketing,Granted,Call Centre,2024-01-01,9999-12-31,1,Initial Consent,11670997867076025477
454,EMP0000264982,US,Research,Granted,HR Upload,2024-01-01,9999-12-31,1,Initial Consent,10791587162235180851
455,EMP0000264982,US,Data Sharing,Granted,HR Upload,2024-01-01,9999-12-31,1,Initial Consent,17133799953940986143
456,EMP0000696556,US,Service Delivery,Granted,Mobile App,2024-01-01,9999-12-31,1,Initial Consent,3345868998202315872
457,EMP0000696556,US,Analytics,Declined,Mobile App,2024-01-01,9999-12-31,1,Initial Consent,13917787468200059581
458,EMP0000696556,US,Marketing,Granted,Call Centre,2024-01-01,9999-12-31,1,Initial Consent,4914646401824100450
459,EMP0000696556,US,Research,Granted,Mobile App,2024-01-01,9999-12-31,1,Initial Consent,5532538802892361483
460,EMP0000696556,US,Data Sharing,Granted,Call Centre,2024-01-01,9999-12-31,1,Initial Consent,2217532431471683294
461,EMP0000860170,US,Service Delivery,Granted,HR Upload,2024-01-01,9999-12-31,1,Initial Consent,16626429778772305449
462,EMP0000860170,US,Analytics,Granted,Web Portal,2024-01-01,9999-12-31,1,Initial Consent,10133477124754959771
463,EMP0000860170,US,Marketing,Granted,Web Portal,2024-01-01,9999-12-31,1,Initial Consent,15183782255841213122
464,EMP0000860170,US,Research,Granted,Web Portal,2024-01-01,9999-12-31,1,Initial Consent,12381985038622516090
465,EMP0000860170,US,Data Sharing,Declined,Call Centre,2024-01-01,9999-12-31,1,Initial Consent,15291984691329225051
466,EMP0000196736,US,Service Delivery,Granted,HR Upload,2024-01-01,9999-12-31,1,Initial Consent,5844413344756803467
467,EMP0000196736,US,Analytics,Granted,Mobile App,2024-01-01,9999-12-31,1,Initial Consent,12700919816711912246
468,EMP0000196736,US,Marketing,Granted,HR Upload,2024-01-01,9999-12-31,1,Initial Consent,6325591176013878200
469,EMP0000196736,US,Research,Granted,Web Portal,2024-01-01,9999-12-31,1,Initial Consent,711337466472799592
470,EMP0000196736,US,Data Sharing,Granted,Call Centre,2024-01-01,9999-12-31,1,Initial Consent,1964379120800959774
471,EMP0000819520,US,Service Delivery,Granted,Call Centre,2024-01-01,9999-12-31,1,Initial Consent,5378865008766009129
472,EMP0000819520,US,Analytics,Granted,Mobile App,2024-01-01,9999-12-31,1,Initial Consent,15585531351285612130
473,EMP0000819520,US,Marketing,Declined,Mobile App,2024-01-01,9999-12-31,1,Initial Consent,10510093170998901616
474,EMP0000819520,US,Research,Granted,HR Upload,2024-01-01,9999-12-31,1,Initial Consent,5208520736586381980
475,EMP0000819520,US,Data Sharing,Declined,Web Portal,2024-01-01,9999-12-31,1,Initial Consent,13651853806361994943
476,EMP0000418479,US,Service Delivery,Granted,Call Centre,2024-01-01,9999-12-31,1,Initial Consent,8474994294281062780
477,EMP0000418479,US,Analytics,Granted,Call Centre,2024-01-01,9999-12-31,1,Initial Consent,17071681771640478670
478,EMP0000418479,US,Marketing,Granted,Mobile App,2024-01-01,9999-12-31,1,Initial Consent,153856993272637026
479,EMP0000418479,US,Research,Declined,Mobile App,2024-01-01,9999-12-31,1,Initial Consent,12348517947304641097
480,EMP0000418479,US,Data Sharing,Granted,HR Upload,2024-01-01,9999-12-31,1,Initial Consent,2108983040164923905
481,EMP0000465471,UK,Service Delivery,Granted,Web Portal,2024-01-01,9999-12-31,1,Initial Consent,14485160505670110079
482,EMP0000465471,UK,Analytics,Granted,Web Portal,2024-01-01,9999-12-31,1,Initial Consent,13458528767285979805
483,EMP0000465471,UK,Marketing,Declined,Web Portal,2024-01-01,9999-12-31,1,Initial Consent,13460417408128234171
484,EMP0000465471,UK,Research,Granted,Mobile App,2024-01-01,9999-12-31,1,Initial Consent,6891516166833026975
485,EMP0000465471,UK,Data Sharing,Granted,Call Centre,2024-01-01,9999-12-31,1,Initial Consent,8445299642977764042
486,EMP0000711350,CA,Service Delivery,Granted,Web Portal,2024-01-01,9999-12-31,1,Initial Consent,16507576369893663757
487,EMP0000711350,CA,Analytics,Granted,HR Upload,2024-01-01,9999-12-31,1,Initial Consent,11038538095776195431
488,EMP0000711350,CA,Marketing,Granted,HR Upload,2024-01-01,9999-12-31,1,Initial Consent,15538136972558105198
489,EMP0000711350,CA,Research,Granted,Call Centre,2024-01-01,9999-12-31,1,Initial Consent,11070613488159143996
490,EMP0000711350,CA,Data Sharing,Granted,HR Upload,2024-01-01,9999-12-31,1,Initial Consent,14831743533826894650
491,EMP0000065222,UK,Service Delivery,Granted,Web Portal,2024-01-01,9999-12-31,1,Initial Consent,8186575432061204804
492,EMP0000065222,UK,Analytics,Granted,Web Portal,2024-01-01,9999-12-31,1,Initial Consent,3925552923871140550
493,EMP0000065222,UK,Marketing,Granted,HR Upload,2024-01-01,9999-12-31,1,Initial Consent,17052458188244960247
494,EMP0000065222,UK,Research,Declined,Mobile App,2024-01-01,9999-12-31,1,Initial Consent,3450365797416672891
495,EMP0000065222,UK,Data Sharing,Declined,Web Portal,2024-01-01,9999-12-31,1,Initial Consent,10064806931677089588
496,EMP0000696229,AU,Service Delivery,Granted,Mobile App,2024-01-01,9999-12-31,1,Initial Consent,14697397273756597842
497,EMP0000696229,AU,Analytics,Granted,Web Portal,2024-01-01,9999-12-31,1,Initial Consent,16922636110469612583
498,EMP0000696229,AU,Marketing,Declined,HR Upload,2024-01-01,9999-12-31,1,Initial Consent,15728529261900592285
499,EMP0000696229,AU,Research,Granted,Call Centre,2024-01-01,9999-12-31,1,Initial Consent,15071395894883329652
500,EMP0000696229,AU,Data Sharing,Declined,Mobile App,2024-01-01,9999-12-31,1,Initial Consent,5405510486711037030
